,Accuracy,Precision,Recall,F1,ROC-AUC
Logistic Regression,0.8585,0.7137476459510358,0.7431372549019608,0.7281460134486071,0.91917028556389
Random Forest,0.8545,0.7540603248259861,0.6372549019607843,0.6907545164718385,0.9040862284511121
XGBoost,0.84275,0.7099892588614393,0.6480392156862745,0.6776012301383906,0.8949190682984604
XGBoost_Tuned,0.85725,0.7336108220603538,0.6911764705882353,0.7117617364967188,0.9127197657586523
