,Accuracy,Precision,Recall,F1,ROC-AUC
Logistic Regression,0.861,0.7213740458015268,0.7411764705882353,0.7311411992263056,0.9194528885379656
Random Forest,0.859,0.7561797752808989,0.6598039215686274,0.7047120418848167,0.9088199105145414
XGBoost,0.85075,0.7262032085561497,0.6656862745098039,0.6946291560102302,0.9057125937623371
XGBoost_Tuned,0.8625,0.7453027139874739,0.7,0.7219413549039434,0.9163176075799446
